INSERT INTO FID VALUES ('HR_APP');

INSERT INTO ROLE VALUES ('HR_READ_ROLE');
INSERT INTO ROLE VALUES ('HR_WRITE_ROLE');

INSERT INTO FID_ROLE VALUES ('HR_APP', 'HR_READ_ROLE');
INSERT INTO FID_ROLE VALUES ('HR_APP', 'HR_WRITE_ROLE');

-- Table permissions
INSERT INTO ROLE_TABLE_PERMISSION VALUES ('HR_READ_ROLE', 'EMPLOYEE', 'SELECT');
INSERT INTO ROLE_TABLE_PERMISSION VALUES ('HR_READ_ROLE', 'DEPARTMENT', 'SELECT');

INSERT INTO ROLE_TABLE_PERMISSION VALUES ('HR_WRITE_ROLE', 'EMPLOYEE', 'UPDATE');
INSERT INTO ROLE_TABLE_PERMISSION VALUES ('HR_WRITE_ROLE', 'EMPLOYEE', 'INSERT');
INSERT INTO ROLE_TABLE_PERMISSION VALUES ('HR_WRITE_ROLE', 'EMPLOYEE', 'DELETE');

-- Column permissions
INSERT INTO ROLE_COLUMN_PERMISSION VALUES ('HR_READ_ROLE', 'EMPLOYEE', 'EMP_ID', 'SELECT');
INSERT INTO ROLE_COLUMN_PERMISSION VALUES ('HR_READ_ROLE', 'EMPLOYEE', 'NAME', 'SELECT');
INSERT INTO ROLE_COLUMN_PERMISSION VALUES ('HR_READ_ROLE', 'EMPLOYEE', 'DEPT_ID', 'SELECT');

INSERT INTO ROLE_COLUMN_PERMISSION VALUES ('HR_READ_ROLE', 'DEPARTMENT', 'DEPT_NAME', 'SELECT');

INSERT INTO ROLE_COLUMN_PERMISSION VALUES ('HR_WRITE_ROLE', 'EMPLOYEE', 'SALARY', 'UPDATE');

-- Row rules
INSERT INTO ROLE_ROW_RULE VALUES ('HR_READ_ROLE', 'EMPLOYEE', 'SELECT', 'department = ''HR''');
INSERT INTO ROLE_ROW_RULE VALUES ('HR_READ_ROLE', 'DEPARTMENT', 'SELECT', 'region = ''US''');
INSERT INTO ROLE_ROW_RULE VALUES ('HR_WRITE_ROLE', 'EMPLOYEE', 'UPDATE', 'department = ''HR''');

-- Business data
INSERT INTO EMPLOYEE VALUES (1, 'Alice', 'HR', 5000, 10);
INSERT INTO EMPLOYEE VALUES (2, 'Bob', 'IT', 7000, 20);

INSERT INTO DEPARTMENT VALUES (10, 'Human Resources', 'US');
INSERT INTO DEPARTMENT VALUES (20, 'IT', 'EU');
